{
	"A" : 1,
	"R_0" : 178.941,
	"c" :
	[
		0.1837793492930699307570501845612999759808,
        0.003053802605442159220296950705726992590288,
        -0.1882242965994715344669754151680388020196,
        -0.08356260086850207612663444582876793886111,
        0.1400828823828941556097064593061472639108,
        -0.1464795892953832541951287559065793362435,
        -0.006527941916323078493138471704332722876669,
        0.05608898864420130592521710379149509407494,
        0.3846091415179281423168465616340378123959,
        -0.1950822491569537061735371149653311041446,
        -0.04578101700693340619317565018736939517299,
        0.006936460124168526675792408803022789327478
	],
	"equilibrium" : "solovev",
	"elongation" : 1.6594,
	"inverseaspectratio" : 0.35714285714,
	"triangularity" : 0.4
}
