{
    "A": 0,
    "R_0": 1.789406847665635e2,
    "PP": 1,
    "PI": 1,
    "c":[
           0.081203566774753699,
           -0.068223110133006717,
           -0.15733151525792472,
           -0.070753041538505742,
           0.10414465434569499,
           -0.10994533867714237,
           -0.0047245091245514442,
           0.039697138423254924,
           0.26895337916962100,
           -0.13814872783212580,
           -0.033095116055736015,
           0.0047665391068593747
    ],
    "elongation": 1.6594,
    "equilibrium": "solovev",
    "inverseaspectratio": 0.35714285714285715,
    "triangularity": 0.4
}
