{
	"M" : 6,
	"N" : 6,
	"PI" : -1.0,
	"PP" : -1.0,
	"R_0" : 906.38,
	"c" : 
	[
		-1.1279927930530271,
		-1.0842606353509106,
		27.536407585400283,
		20.08700802501453,
		-116.02565935574977,
		-120.66010077293852,
		7.3031256199572727,
		5.818210372553227,
		-154.98851467644269,
		-102.29730950402626,
		622.85031890258006,
		604.78771516793313,
		-19.034940230887859,
		-11.402531138983106,
		348.40241798842959,
		198.3558695933294,
		-1325.376409836957,
		-1179.8289027290296,
		24.223202203614758,
		10.268162419571157,
		-388.13523888449845,
		-183.31357499053175,
		1393.7746630606455,
		1117.3199053627043,
		-14.796032650579809,
		-4.2178443141145641,
		212.35696838126282,
		80.01889289206099,
		-720.56519556796411,
		-509.77624096800616,
		3.4558698698433301,
		0.61537891729523686,
		-45.450863728406709,
		-12.955518132950145,
		146.06735359643812,
		88.726490458428032
	],
	"elongation" : 1.5,
	"equilibrium" : "polynomial",
	"form" : "standardX",
	"inverseaspectratio" : 0.27593818984547458,
	"triangularity" : 0.40000000000000002
}

