{
	"M" : 8,
	"N" : 8,
	"PI" : -1.0,
	"PP" : -1.0,
	"R_0" : 906.38,
	"c" :
	[
		-0.96689843290517163,
		3.0863312163153722,
		12.704740056639602,
		-16.289618948500596,
		-58.773804550893978,
		20.737434141967192,
		60.767622887618082,
		-13.412090215973649,
		1.5030934710614168,
		-18.606153187942841,
		-51.268594063161892,
		90.330580961827934,
		334.62239761589331,
		-96.337218693331863,
		-369.4426118842149,
		69.12132156851527,
		15.089237799045774,
		46.531264842892817,
		9.6257646606458742,
		-198.43750312580366,
		-691.82430062538606,
		124.64936082323587,
		881.41320105570958,
		-102.82161109684944,
		-64.873821524138094,
		-59.150028431025312,
		271.70847921693229,
		184.66804234468091,
		536.96159830784757,
		161.10088844376682,
		-1052.663871350825,
		-127.5935630486964,
		110.50941213620901,
		36.5700397200184,
		-590.5793476953678,
		-0.33870147588947325,
		109.19788144885672,
		-674.85982303083813,
		678.28677388707547,
		619.60740183752432,
		-95.509528907130814,
		-5.7996956604640708,
		547.72824001431275,
		-137.13693489888882,
		-416.85358515640866,
		823.49445765649568,
		-266.57840051970788,
		-820.6589698292122,
		41.456100988675544,
		-4.1783800265033957,
		-241.62418252372751,
		100.43158338485145,
		225.86069590166665,
		-455.01502774212986,
		88.284228523021198,
		482.97613261346356,
		-7.1845137221775053,
		1.5432441372005783,
		41.427186303824904,
		-23.298757210641259,
		-38.340751331596628,
		96.640541117435689,
		-20.966404661902423,
		-107.84602283590218
	],
	"description" : "standardX",
	"elongation" : 1.5,
	"equilibrium" : "polynomial",
	"inverseaspectratio" : 0.27593818984547458,
	"triangularity" : 0.40000000000000002
}

