{
    "M": 6,
    "N": 6,
    "c": [
        -1.0484078057117057,
        -1.0842606353509106,
        27.536407585400283,
        20.08700802501453,
        -116.02565935574977,
        -120.66010077293852,
        7.303125619957273,
        5.818210372553227,
        -154.9885146764427,
        -102.29730950402626,
        622.85031890258,
        604.7877151679331,
        -19.03494023088786,
        -11.402531138983106,
        348.4024179884296,
        198.3558695933294,
        -1325.376409836957,
        -1179.8289027290296,
        24.223202203614758,
        10.268162419571157,
        -388.13523888449845,
        -183.31357499053175,
        1393.7746630606455,
        1117.3199053627043,
        -14.796032650579809,
        -4.217844314114564,
        212.35696838126282,
        80.01889289206099,
        -720.5651955679641,
        -509.77624096800616,
        3.45586986984333,
        0.6153789172952369,
        -45.45086372840671,
        -12.955518132950145,
        146.06735359643812,
        88.72649045842803
    ],
    "PP": -1,
    "PI": -1,
    "R_0": 906.38,
    "elongation": 1.5,
    "triangularity": 0.4,
    "inverseaspectratio": 0.2759381898454746,
    "equilibrium": "polynomial",
    "form": "standardX"
}
