{
    "A": 0,
    "B": 4.752951718389757e-06,
    "c": [
        0.047717395667799645,
        0.9559689342704147,
        -0.9100332687345335,
        -0.5820663196518737,
        0.5651064668675106,
        -0.4018415371030592,
        -0.014888980816708646,
        -4.933621033399979e-13,
        -1.9628885576793177e-12,
        1.3157047951347136e-12,
        3.2965297296431085e-13,
        -3.2602277468028835e-14
    ],
    "R_0": 500,
    "elongation": 1,
    "equilibrium": "fit",
    "triangularity": 0,
    "inverseaspectratio": 0.2
}
