{
    "A": 0,
    "c": [
        10039.52880126578,
        201131.63164937127,
        -191466.97098005487,
        -122464.17681875188,
        118895.89887501781,
        -84545.68043438873,
        -3132.5756495908304
    ],
    "PP": -4.752951718389757e-06,
    "PI": -1,
    "R_0": 500,
    "equilibrium" : "solovev", 
    "form" : "centeredX",
    "elongation": 1,
    "triangularity": 0,
    "inverseaspectratio": 0.2
}
